fixIdx,legIdx,tickLead,togo,area
0,4,12359.720222982523,0.0,5.1686136210664056e7
