fixIdx,legIdx,tickLead,togo,area
0,4,11623.514668764608,0.0,4.720905477052668e7
