fixIdx,legIdx,tickLead,togo,area
85,1,4219.41386705168,99.871,143396.94904830746
86,1,4229.41386705168,99.707,138432.06556438544
87,1,4239.41386705168,99.541,140219.3258742613
88,1,4249.41386705168,99.386,131025.08861130435
89,1,4259.41386705168,99.233,129438.07999756336
90,1,4269.41386705168,99.083,127003.96206873798
91,1,4279.41386705168,98.929,130495.79599096307
92,1,4289.41386705168,98.77,134834.0403042629
93,1,4299.41386705168,98.604,140866.35709084338
94,1,4309.41386705168,98.442,137562.7479052298
95,1,4319.41386705168,98.279,138504.2647004618
96,1,4329.41386705168,98.125,130948.3869762373
97,1,4339.41386705168,97.995,110635.96018879896
98,1,4349.41386705168,97.86,115000.3511457443
99,1,4359.41386705168,97.708,129589.40137503845
100,1,4369.41386705168,97.557,128832.2334112236
101,1,4379.41386705168,97.408,127221.03126387068
102,1,4389.41386705168,97.267,120485.78938413288
103,1,4399.41386705168,97.119,126567.30066618147
104,1,4409.41386705168,96.972,125806.64938988414
105,1,4419.41386705168,96.83,121621.75696925016
106,1,4429.41386705168,96.7,111439.18053976263
107,1,4439.41386705168,96.582,101250.93734408288
108,1,4449.41386705168,96.488,80750.5435192917
109,1,4459.41386705168,96.368,103202.96648929817
110,1,4469.41386705168,96.249,102445.32580875713
111,1,4479.41386705168,96.146,88767.13358799023
112,1,4489.41386705168,96.063,71621.17724768595
113,1,4499.41386705168,95.964,85536.88571818822
114,1,4509.41386705168,95.848,100335.32434936207
115,1,4519.41386705168,95.732,100436.19980337197
116,1,4529.41386705168,95.619,97937.9896347849
117,1,4539.41386705168,95.507,97171.20165245685
118,1,4549.41386705168,95.385,105950.49885292588
119,1,4559.41386705168,95.237,128630.43934444756
120,1,4569.41386705168,95.14,84381.39646546164
121,1,4579.41386705168,95.035,91443.45337749156
122,1,4589.41386705168,94.931,90670.58984550662
123,1,4599.41386705168,94.791,122165.39967586954
