fixIdx,legIdx,tickLead,togo,area
1129,1,859.41386705168,98.72,17486.432934515025
1130,1,869.41386705168,98.568,26071.788296439736
1131,1,879.41386705168,98.428,24253.74198151988
1132,1,889.41386705168,98.275,26767.407511270518
1133,1,899.41386705168,98.112,28791.210150716488
1134,1,909.41386705168,97.978,23895.813335482024
1137,1,939.41386705168,97.977,184.08284431637495
1138,1,949.41386705168,97.848,23983.547196486896
1139,1,959.41386705168,97.73,22141.54894424661
1142,1,989.41386705168,97.708,4254.119481675694
1145,1,1020.41386705168,97.677,6180.580465829013
1157,1,1140.41386705168,97.674,668.3429680272636
1177,1,1340.41386705168,97.537,35847.903801940614
1178,1,1350.41386705168,97.4,36064.651036199226
1179,1,1360.41386705168,97.272,33898.814505815666
1180,1,1370.41386705168,97.254,4798.460302237894
1196,1,1530.41386705168,97.181,21722.31947753635
1197,1,1540.41386705168,97.037,43081.3584620676
1198,1,1550.41386705168,96.908,38789.65725045008
1199,1,1560.41386705168,96.773,40800.039954900465
1200,1,1570.41386705168,96.634,42218.335835094855
1201,1,1580.41386705168,96.481,46695.8484621616
1202,1,1590.41386705168,96.328,46916.85441572963
1203,1,1600.41386705168,96.183,44674.10472419674
1204,1,1610.41386705168,96.036,45504.16503729034
1205,1,1620.41386705168,95.942,29241.87845667424
1208,1,1650.41386705168,95.804,43671.515514530576
1209,1,1660.41386705168,95.641,51814.1030427655
1210,1,1670.41386705168,95.475,52994.30755816803
1211,1,1680.41386705168,95.3,56101.66721018633
1212,1,1690.41386705168,95.129,55045.55361137964
1213,1,1700.41386705168,94.964,53334.067582862095
1214,1,1710.41386705168,94.805,51608.781132705655
1215,1,1720.41386705168,94.654,49218.13151650279
1216,1,1730.41386705168,94.516,45173.24998976001
1217,1,1740.41386705168,94.364,49966.86442372598
1218,1,1750.41386705168,94.325,12881.069844244952
1219,1,1760.41386705168,94.293,10625.463768816551
1220,1,1770.41386705168,94.286,2337.0401364448417
1222,1,1790.41386705168,94.281,1688.0648583401355
1223,1,1800.41386705168,94.278,1018.4527150722319
1224,1,1810.41386705168,94.277,341.3625867035595
1225,1,1820.41386705168,94.274,1029.722565139423
1226,1,1830.41386705168,94.273,345.119043392641
1227,1,1840.41386705168,94.272,347.0008325599847
1228,1,1850.41386705168,94.271,348.8825817371908
